Timestamp,DateTime,TEC1_Gain16(V),TEC1_Gain8(V),TEC1_Gain4(V),TEC1_Gain2(V),TEC1_Gain1(V),TEC1_Optimal(V),TEC1_OptimalGain,TEC2_Gain16(V),TEC2_Gain8(V),TEC2_Gain4(V),TEC2_Gain2(V),TEC2_Gain1(V),TEC2_Optimal(V),TEC2_OptimalGain,TEC3_Gain16(V),TEC3_Gain8(V),TEC3_Gain4(V),TEC3_Gain2(V),TEC3_Gain1(V),TEC3_Optimal(V),TEC3_OptimalGain,TEC4_Gain16(V),TEC4_Gain8(V),TEC4_Gain4(V),TEC4_Gain2(V),TEC4_Gain1(V),TEC4_Optimal(V),TEC4_OptimalGain,TEC5_Gain16(V),TEC5_Gain8(V),TEC5_Gain4(V),TEC5_Gain2(V),TEC5_Gain1(V),TEC5_Optimal(V),TEC5_OptimalGain,TEC6_Gain16(V),TEC6_Gain8(V),TEC6_Gain4(V),TEC6_Gain2(V),TEC6_Gain1(V),TEC6_Optimal(V),TEC6_OptimalGain,TEC7_Gain16(V),TEC7_Gain8(V),TEC7_Gain4(V),TEC7_Gain2(V),TEC7_Gain1(V),TEC7_Optimal(V),TEC7_OptimalGain,TEC8_Gain16(V),TEC8_Gain8(V),TEC8_Gain4(V),TEC8_Gain2(V),TEC8_Gain1(V),TEC8_Optimal(V),TEC8_OptimalGain
1766502627.8111734,2025-12-23 23:10:27,0.434255328,0.434272770,0.434112665,0.434692457,0.434797860,0.434203095,16,0.489334966,0.489426979,0.489430808,0.489496668,0.489792519,0.489338026,16,0.414463813,0.414335273,0.414546362,0.414040786,0.412684641,0.414483999,16,0.529191938,0.529189183,0.528802137,0.529401339,0.531850552,0.529049478,16,0.526296288,0.526325239,0.526008224,0.526419813,0.526863475,0.526334554,16,0.482046900,0.481969147,0.482280223,0.482182750,0.481848993,0.482029053,16,0.494302740,0.494246629,0.493727521,0.495356800,0.492514461,0.494254646,16,0.536688738,0.536548185,0.536732421,0.536402365,0.536319372,0.536662158,16
1766502637.8155994,2025-12-23 23:10:37,0.441117056,0.441177087,0.441184444,0.442590109,0.440570786,0.441155651,16,0.492975788,0.492992022,0.492898726,0.492687630,0.493450685,0.492950502,16,0.422503929,0.422653439,0.422348047,0.422574555,0.423871251,0.422492022,16,0.511329631,0.511221129,0.511175657,0.510816509,0.512324567,0.511218061,16,0.522090748,0.522041777,0.521563614,0.522441779,0.522503581,0.522056863,16,0.484826917,0.484866652,0.484965059,0.484357799,0.486071492,0.484863973,16,0.497555624,0.497519304,0.497497470,0.497256330,0.497509589,0.497464924,16,0.520805061,0.520737864,0.520680313,0.521439140,0.521608766,0.520814173,16
1766502647.8189504,2025-12-23 23:10:47,0.446942142,0.446948091,0.446800180,0.447440693,0.447354723,0.446925215,16,0.488516349,0.488574872,0.488252404,0.488329156,0.488665512,0.488559341,16,0.408487149,0.408471658,0.408292875,0.409594155,0.407575881,0.408485699,16,0.498394304,0.498716850,0.498436191,0.499348633,0.499160102,0.498402995,16,0.520732715,0.520631877,0.520536213,0.520707801,0.520643460,0.520620274,16,0.490941260,0.490880960,0.490805833,0.490264000,0.490105952,0.490867637,16,0.511260200,0.511146019,0.511201614,0.511597977,0.511411726,0.511210985,16,0.521528829,0.521438707,0.521593966,0.522177469,0.521321029,0.521592553,16
1766502657.8222015,2025-12-23 23:10:57,0.452100584,0.451934997,0.451902658,0.452863063,0.452014703,0.452051872,16,0.472263952,0.472244479,0.472000607,0.472470404,0.471352258,0.472183986,16,0.408886870,0.408852460,0.409005330,0.408900672,0.408459555,0.408907400,16,0.498196072,0.498446912,0.498248788,0.497829293,0.498302100,0.498270398,16,0.532951419,0.533087359,0.532984812,0.533412781,0.532922338,0.532989214,16,0.501937914,0.501982609,0.501655945,0.501707373,0.501715399,0.501934944,16,0.519057465,0.519116369,0.519208382,0.518940154,0.519022146,0.519130145,16,0.518069135,0.518200533,0.518054674,0.517276352,0.518700417,0.518142972,16
1766502667.8263443,2025-12-23 23:11:07,0.446368325,0.446453497,0.446456034,0.447311407,0.446517069,0.446439888,16,0.467383357,0.467662311,0.467419566,0.467512427,0.465639150,0.467346420,16,0.417094089,0.416909342,0.417013008,0.416724318,0.418029183,0.417073407,16,0.478707127,0.478564715,0.478902375,0.478287356,0.481543455,0.478651618,16,0.510473095,0.510456633,0.510146733,0.510331959,0.508639398,0.510503060,16,0.509514804,0.509566009,0.509759145,0.509911101,0.507702891,0.509581887,16,0.533300382,0.533414288,0.533402145,0.533746108,0.532664851,0.533378875,16,0.513173807,0.513146242,0.513623956,0.513656780,0.514656502,0.513257413,16
1766502677.8293142,2025-12-23 23:11:17,0.463617848,0.463482508,0.463496517,0.464089702,0.463105340,0.463514173,16,0.469917644,0.470004118,0.469671731,0.469683589,0.468698283,0.470011028,16,0.403732164,0.403717254,0.403924416,0.404507937,0.402851245,0.403842467,16,0.473336911,0.473390973,0.473663446,0.473127185,0.472670437,0.473326034,16,0.522203498,0.522207377,0.521861067,0.522209134,0.523318674,0.522261672,16,0.508870161,0.508814353,0.509020332,0.509347332,0.508141520,0.508824790,16,0.548840163,0.548914860,0.548263238,0.548663713,0.547820218,0.548796968,16,0.510068654,0.510202262,0.509838036,0.510873622,0.507873222,0.510087011,16
1766502687.8326333,2025-12-23 23:11:27,0.459271253,0.459106707,0.459540224,0.459882436,0.457557679,0.459284524,16,0.460648141,0.460490253,0.460569487,0.460425174,0.460214144,0.460632990,16,0.403844207,0.403855443,0.403956505,0.403517591,0.402482095,0.403850923,16,0.465802626,0.465859637,0.466045673,0.465137071,0.466581559,0.465787403,16,0.514927051,0.514860367,0.514634345,0.514533233,0.514102597,0.514882785,16,0.506300043,0.506140049,0.506102797,0.506988176,0.505919544,0.506251327,16,0.556499500,0.556548628,0.556982766,0.555868355,0.554828997,0.556477227,16,0.542615526,0.542404157,0.542666212,0.542916890,0.544832408,0.542568134,16
1766502697.8368368,2025-12-23 23:11:37,0.459187323,0.459384219,0.459327040,0.460066677,0.460584870,0.459177748,16,0.460749242,0.460636415,0.460728906,0.460864367,0.460092691,0.460729289,16,0.410721760,0.410984959,0.410590330,0.410972806,0.410998297,0.410717170,16,0.462382626,0.462133648,0.462444860,0.463070994,0.460684264,0.462420920,16,0.531728739,0.531989435,0.531739184,0.531255059,0.532205722,0.531752019,16,0.504459666,0.504625427,0.504397983,0.504252597,0.505102340,0.504475845,16,0.555317495,0.555282674,0.555189733,0.554802336,0.554821213,0.555375479,16,0.503949490,0.504108854,0.504321348,0.503219265,0.503135763,0.503869441,16
1766502707.8409595,2025-12-23 23:11:47,0.468017898,0.468210760,0.467974609,0.467816776,0.468118489,0.468051512,16,0.447435795,0.447419251,0.447923498,0.447242841,0.447484831,0.447399249,16,0.407646713,0.407544535,0.407764180,0.408376140,0.408017265,0.407603771,16,0.455930355,0.455934212,0.455905145,0.456797502,0.456838367,0.456008381,16,0.562954638,0.563283337,0.563155667,0.562734651,0.562206921,0.563023759,16,0.520971056,0.520879301,0.520971388,0.520859912,0.522457958,0.520942279,16,0.560296082,0.560245755,0.560070471,0.559582776,0.560179471,0.560208549,16,0.502825160,0.502950454,0.502919694,0.502564175,0.502989560,0.502788973,16
1766502717.844139,2025-12-23 23:11:57,0.468430081,0.468224241,0.468501003,0.467663172,0.468840321,0.468492725,16,0.456907820,0.456783847,0.456916371,0.456956381,0.456176301,0.456901163,16,0.411560028,0.411534630,0.411648108,0.412125441,0.411568021,0.411559284,16,0.447449411,0.447604450,0.447595397,0.447489335,0.446893066,0.447448597,16,0.524899335,0.524705147,0.525104666,0.525568672,0.524253887,0.524867658,16,0.520071542,0.519984407,0.520189339,0.520182406,0.519015507,0.520047483,16,0.564989829,0.564827768,0.564610822,0.564478761,0.566531393,0.564881887,16,0.503845668,0.503877259,0.503948606,0.504798206,0.504629925,0.503817084,16
1766502727.8473306,2025-12-23 23:12:07,0.465585260,0.465651859,0.465984056,0.465590294,0.464661823,0.465537292,16,0.459085073,0.459157508,0.459021269,0.458314334,0.459520034,0.459101855,16,0.412251017,0.412208224,0.412108788,0.412664464,0.412361320,0.412267991,16,0.447403123,0.447361137,0.447516297,0.447475199,0.446733810,0.447449861,16,0.534769268,0.534861121,0.534645091,0.534263223,0.534910442,0.534745912,16,0.516420274,0.516446062,0.516300456,0.517234231,0.515465972,0.516414106,16,0.568737933,0.568780195,0.568783882,0.569146121,0.569453279,0.568847501,16,0.500204301,0.500199391,0.500577510,0.500677393,0.498867199,0.500202686,16
1766502737.850764,2025-12-23 23:12:17,0.477734613,0.477656517,0.477648569,0.477228795,0.477262945,0.477733297,16,0.450310887,0.450163905,0.450000769,0.449859867,0.449917411,0.450235288,16,0.397816308,0.397797986,0.397821401,0.398098219,0.398937551,0.397890955,16,0.443013773,0.442835478,0.442988107,0.444377175,0.442815126,0.443043548,16,0.535772498,0.535940179,0.535764097,0.536201245,0.536185336,0.535795608,16,0.515518813,0.515311268,0.515708810,0.515342658,0.516386916,0.515502592,16,0.568292001,0.568196553,0.568004004,0.567570426,0.567109348,0.568215445,16,0.505185758,0.505529237,0.505125143,0.504994806,0.505095257,0.505375052,16
1766502747.85414,2025-12-23 23:12:27,0.472439536,0.472327265,0.472234085,0.472385755,0.473289406,0.472385289,16,0.458495146,0.458501020,0.458567100,0.457714415,0.457441579,0.458409820,16,0.420413800,0.420391063,0.420577041,0.419937488,0.420231247,0.420337345,16,0.442056562,0.442096300,0.442068366,0.442057945,0.442141447,0.442155665,16,0.544771063,0.544810725,0.544776647,0.545372799,0.544719914,0.544746107,16,0.518872992,0.518935464,0.518839570,0.519544018,0.520437596,0.518817715,16,0.583527776,0.583390358,0.583581218,0.584475841,0.581484345,0.583563537,16,0.492088618,0.491916622,0.492483623,0.491841768,0.491378653,0.492026884,16
1766502757.858318,2025-12-23 23:12:37,0.489991457,0.490043611,0.490086659,0.489989925,0.490628806,0.490067406,16,0.459009344,0.459176098,0.458732573,0.458169101,0.456973988,0.459133841,16,0.425326775,0.425238817,0.425582697,0.425288968,0.425122139,0.425368338,16,0.444879723,0.444824852,0.444636371,0.444922312,0.445001455,0.444926348,16,0.542534090,0.542483517,0.542405396,0.542588096,0.544398889,0.542523114,16,0.525668506,0.525601110,0.525970003,0.525046925,0.527268931,0.525712531,16,0.565323022,0.565518293,0.564837840,0.564965108,0.565199124,0.565387143,16,0.502304077,0.502342327,0.502115431,0.501861885,0.501810225,0.502148240,16
1766502767.8614326,2025-12-23 23:12:47,0.490077517,0.489978639,0.490489228,0.490555038,0.489427182,0.490080741,16,0.437418392,0.437428923,0.437153068,0.436693133,0.437556243,0.437492993,16,0.441200058,0.441246071,0.441256919,0.440826225,0.440143376,0.441237800,16,0.445009506,0.444842256,0.444987354,0.444382342,0.445000701,0.445038114,16,0.543627701,0.543699726,0.543204359,0.544147214,0.543336810,0.543724852,16,0.500164902,0.500181975,0.500005522,0.500614599,0.497945781,0.500217786,16,0.585582974,0.585502423,0.585768013,0.585531900,0.585780860,0.585531095,16,0.501877063,0.501967419,0.502350273,0.503112926,0.502432711,0.501887678,16
1766502777.8646204,2025-12-23 23:12:57,0.497215264,0.497366352,0.497610963,0.497414483,0.498354965,0.497259925,16,0.467982998,0.467887647,0.468005450,0.467881975,0.467969095,0.467952084,16,0.448056751,0.448189120,0.447798649,0.449127814,0.448779879,0.448047697,16,0.455845857,0.455797995,0.455823929,0.455885068,0.457637475,0.455764227,16,0.552858213,0.552775417,0.552707703,0.553010481,0.551608094,0.552851476,16,0.507346109,0.507380091,0.507348418,0.507735244,0.506011639,0.507400745,16,0.556412602,0.556545015,0.556292563,0.556704754,0.556145078,0.556398769,16,0.507293920,0.507227014,0.507606205,0.506990792,0.508232277,0.507259255,16
1766502787.8677943,2025-12-23 23:13:07,0.499434532,0.499380473,0.499698185,0.498876437,0.498837883,0.499404089,16,0.468116092,0.468014135,0.468487740,0.468289622,0.467275386,0.468066501,16,0.435590015,0.435658119,0.435398440,0.435953582,0.435393172,0.435555656,16,0.454658453,0.454824591,0.454668237,0.455067066,0.454792531,0.454789065,16,0.550206141,0.550186404,0.549701703,0.550056950,0.550896595,0.550215359,16,0.503846480,0.503984201,0.503683392,0.503733474,0.504916166,0.503870303,16,0.578427344,0.578544346,0.578901985,0.578700192,0.581303413,0.578468436,16,0.508651584,0.508502157,0.508504770,0.508549742,0.507041128,0.508518114,16
1766502797.870999,2025-12-23 23:13:17,0.499277636,0.499136152,0.499307522,0.498484932,0.498211678,0.499268385,16,0.474803855,0.474984164,0.474860727,0.475222631,0.474190768,0.474883216,16,0.454380266,0.454503603,0.453936497,0.454190541,0.455456326,0.454423092,16,0.456163573,0.456124437,0.456399714,0.455651150,0.456634772,0.456176988,16,0.557022181,0.557067694,0.557293580,0.556510662,0.558372101,0.556953237,16,0.502586125,0.502613978,0.502498603,0.502753861,0.504424234,0.502638628,16,0.534967068,0.534990406,0.534782501,0.534570285,0.535598987,0.535039495,16,0.511651213,0.511541839,0.511434301,0.512108105,0.509945808,0.511538843,16
1766502807.874241,2025-12-23 23:13:27,0.497150860,0.497076438,0.497457534,0.496324902,0.497033959,0.497141395,16,0.488231350,0.488335678,0.488178907,0.488266400,0.488397050,0.488126478,16,0.451841771,0.451997280,0.452019184,0.452770439,0.452365377,0.451767609,16,0.470691893,0.470753784,0.470710296,0.471258465,0.470224570,0.470736851,16,0.563683427,0.563564410,0.564048122,0.564415800,0.565296935,0.563753129,16,0.496354170,0.496429436,0.496165372,0.495826560,0.496331279,0.496452484,16,0.519136984,0.519133425,0.519195025,0.518851361,0.517723623,0.519098067,16,0.515158573,0.515298904,0.514941545,0.515016942,0.513156970,0.515117415,16
1766502817.878263,2025-12-23 23:13:37,0.503365211,0.503506996,0.503800658,0.503393756,0.503250911,0.503369745,16,0.494522699,0.494541303,0.494770449,0.495863501,0.495421252,0.494510293,16,0.456561420,0.456566237,0.456273339,0.456606290,0.456357196,0.456574371,16,0.476020806,0.475968516,0.476055777,0.475863471,0.475763534,0.475990115,16,0.581924384,0.581904469,0.581799073,0.582434393,0.583403782,0.581980797,16,0.492536867,0.492454605,0.492197248,0.492569366,0.492111459,0.492494427,16,0.508479933,0.508520863,0.508980931,0.507933058,0.510513526,0.508569716,16,0.510093361,0.509947447,0.509651829,0.509833367,0.510286763,0.510046725,16
1766502827.882316,2025-12-23 23:13:47,0.499372621,0.499299424,0.499597813,0.499540443,0.500203587,0.499343420,16,0.494791262,0.494642172,0.494612919,0.494147488,0.495727204,0.494758349,16,0.465026345,0.464916295,0.464890076,0.464747518,0.464916441,0.464967860,16,0.488633881,0.488696519,0.488667819,0.489026687,0.488845462,0.488663594,16,0.575541082,0.575747777,0.575666328,0.575618408,0.574798113,0.575652696,16,0.488744099,0.488947480,0.488590907,0.488633156,0.488984370,0.488697669,16,0.505703439,0.505660653,0.505758397,0.505226416,0.505055513,0.505658073,16,0.523826705,0.523911229,0.523898853,0.524128075,0.522639105,0.523924088,16
1766502837.886519,2025-12-23 23:13:57,0.500961768,0.500781383,0.501137239,0.501663261,0.503373575,0.500951607,16,0.500726820,0.500620106,0.501109654,0.500789947,0.500358750,0.500717407,16,0.472951634,0.473106660,0.473437300,0.473742345,0.472661149,0.473047669,16,0.497422488,0.497443197,0.497382696,0.497909449,0.497986266,0.497387278,16,0.579141105,0.579392851,0.579395005,0.579674880,0.579201690,0.579185354,16,0.481756538,0.481902719,0.482040278,0.482522929,0.482008871,0.481753747,16,0.502496771,0.502610322,0.502208495,0.501783250,0.502637283,0.502595366,16,0.522419641,0.522216438,0.522425131,0.522236855,0.522148331,0.522312310,16
1766502847.8904796,2025-12-23 23:14:07,0.496415547,0.496508441,0.496658069,0.496872827,0.496095967,0.496433196,16,0.509537814,0.509493360,0.509501494,0.510025078,0.510494428,0.509579548,16,0.468087244,0.468365442,0.468017379,0.467747689,0.467985016,0.468104414,16,0.502106586,0.502101292,0.502423729,0.501784220,0.501083510,0.502120000,16,0.573983618,0.574040880,0.573772795,0.574325551,0.574098051,0.574079199,16,0.497040401,0.497115264,0.496679369,0.497103531,0.497031734,0.496998373,16,0.492756917,0.492942395,0.492484813,0.492591924,0.492473812,0.492871973,16,0.518396171,0.518527397,0.518628131,0.517972419,0.517570034,0.518404085,16
1766502857.8936205,2025-12-23 23:14:17,0.504294502,0.504346170,0.504023086,0.504489984,0.503805163,0.504344922,16,0.518377403,0.518324941,0.518398098,0.517878842,0.518165320,0.518387365,16,0.483963856,0.483888039,0.484060597,0.483799519,0.487274009,0.484039871,16,0.507295621,0.507234137,0.507394890,0.507142973,0.506122615,0.507281424,16,0.579790373,0.579781913,0.579941292,0.579539860,0.579962272,0.579779437,16,0.473379310,0.473262073,0.473302500,0.473092319,0.473094995,0.473385087,16,0.477713081,0.477619286,0.477739575,0.478388469,0.478731045,0.477760440,16,0.540501981,0.540652756,0.540444482,0.540705950,0.542507592,0.540515188,16
1766502867.8978016,2025-12-23 23:14:27,0.514530406,0.514599197,0.514563032,0.515278164,0.514407130,0.514539448,16,0.528709932,0.528562700,0.528247733,0.528112395,0.528468177,0.528534789,16,0.483504805,0.483302029,0.483205205,0.483109966,0.483509931,0.483332910,16,0.521017064,0.520905575,0.520981713,0.521762820,0.519830014,0.520918117,16,0.582141713,0.582007085,0.582243760,0.582386782,0.581184510,0.582156460,16,0.475577967,0.475515415,0.475621184,0.475041347,0.476941545,0.475595364,16,0.473534772,0.473266976,0.473085079,0.473479418,0.473617427,0.473401091,16,0.552230602,0.552330845,0.551973803,0.552139144,0.550465332,0.552246950,16
1766502877.9009216,2025-12-23 23:14:37,0.502369047,0.502431413,0.501978462,0.501891164,0.503314656,0.502303324,16,0.530751695,0.530585760,0.530886056,0.530598305,0.530413301,0.530723408,16,0.488589865,0.488617926,0.488387968,0.488135288,0.489149097,0.488554073,16,0.537077529,0.536828195,0.536965592,0.536785086,0.536520722,0.537012481,16,0.573557231,0.573496735,0.573284388,0.573615681,0.574555359,0.573637553,16,0.474149130,0.474112558,0.474555908,0.473829442,0.474205782,0.474196238,16,0.479967926,0.480213235,0.480055002,0.479811110,0.479967900,0.480139486,16,0.540196138,0.540137459,0.539964951,0.539032908,0.539807768,0.540193332,16
1766502887.904974,2025-12-23 23:14:47,0.492460030,0.492387646,0.492110647,0.492328343,0.492182533,0.492443860,16,0.547451733,0.547517599,0.547692543,0.548482033,0.547597934,0.547396051,16,0.486380887,0.486427759,0.486709358,0.487042899,0.486234672,0.486486648,16,0.537340563,0.537238406,0.537281720,0.536750905,0.536968673,0.537267631,16,0.586042151,0.586254616,0.586084313,0.584929973,0.586215942,0.586090978,16,0.465907211,0.466039497,0.465658863,0.465506877,0.465256612,0.465855210,16,0.463501369,0.463508622,0.463452641,0.462752878,0.462963299,0.463570095,16,0.546383395,0.546358349,0.546304692,0.545977941,0.547612689,0.546297618,16
1766502897.9080658,2025-12-23 23:14:57,0.495836372,0.495897603,0.495771510,0.495880147,0.494541456,0.495796195,16,0.548893859,0.548984773,0.548908957,0.549256574,0.550239576,0.549022303,16,0.490946347,0.490941041,0.490541731,0.491301678,0.491589963,0.490978072,16,0.540669433,0.540439783,0.540495978,0.540545795,0.538916492,0.540579848,16,0.584252500,0.584214641,0.584288602,0.583631036,0.585104356,0.584222397,16,0.467943538,0.467794927,0.467598653,0.467758570,0.468996209,0.467927480,16,0.467189150,0.467230214,0.467712737,0.466424720,0.467839292,0.467169915,16,0.558324440,0.558161605,0.558209981,0.558295565,0.558585808,0.558308989,16
1766502907.9120986,2025-12-23 23:15:07,0.496425374,0.496520849,0.496576909,0.496386823,0.495324400,0.496453800,16,0.543111015,0.543033345,0.543224173,0.543010708,0.544592448,0.543151506,16,0.489562782,0.489582021,0.489707836,0.489583170,0.490346369,0.489551019,16,0.538607789,0.538383053,0.538453827,0.538880169,0.538785687,0.538551086,16,0.582315044,0.582350574,0.582300060,0.581726764,0.581380096,0.582359066,16,0.452065634,0.452094432,0.452112489,0.451989116,0.451380014,0.452047289,16,0.474324884,0.474288791,0.474604943,0.474475372,0.473603923,0.474294385,16,0.554372781,0.554605208,0.554426131,0.554766815,0.555921080,0.554495099,16
1766502917.9160838,2025-12-23 23:15:17,0.491848618,0.492004013,0.492177603,0.490525410,0.492138040,0.491900930,16,0.542402814,0.542327281,0.542714318,0.542814787,0.542790682,0.542453308,16,0.498320816,0.498314117,0.498132707,0.498622286,0.497839044,0.498284307,16,0.541942650,0.541961302,0.542202583,0.541799714,0.541396912,0.541957573,16,0.576566913,0.576778764,0.576609535,0.576640298,0.576878839,0.576532403,16,0.445862360,0.446071990,0.445701152,0.445578579,0.446062484,0.445920532,16,0.475977582,0.475938647,0.475461181,0.475978933,0.476789823,0.475938173,16,0.551594915,0.551726096,0.551830620,0.551888968,0.551358948,0.551733392,16
1766502927.920068,2025-12-23 23:15:27,0.496731352,0.496823040,0.497074132,0.496430876,0.497994925,0.496902009,16,0.545106374,0.545428095,0.545445987,0.544974584,0.543605726,0.545273620,16,0.486044236,0.485964563,0.486181112,0.486680135,0.485444406,0.485993363,16,0.538160460,0.538243076,0.538273883,0.538751406,0.538852369,0.538152516,16,0.571106932,0.570926887,0.570662700,0.570734293,0.572133195,0.570988976,16,0.456985730,0.457212791,0.456797851,0.457467254,0.456216719,0.456982148,16,0.477719075,0.477329336,0.477692270,0.478380637,0.476985365,0.477713626,16,0.556752274,0.556708533,0.556984676,0.556862263,0.558570893,0.556825401,16
1766502937.9241219,2025-12-23 23:15:37,0.483015316,0.483031648,0.483053574,0.483483958,0.482132557,0.483033616,16,0.543834099,0.543807817,0.544304482,0.543667159,0.544930922,0.543753863,16,0.487069065,0.487210862,0.487105164,0.485324583,0.487734125,0.487099140,16,0.533891064,0.534202579,0.533821712,0.533297304,0.534285971,0.534043827,16,0.564112355,0.564185254,0.563912369,0.564631887,0.563045207,0.564150103,16,0.451899519,0.451864029,0.451725661,0.450895952,0.452638768,0.451930873,16,0.491390833,0.491254583,0.491442837,0.491386448,0.492364385,0.491424455,16,0.555383666,0.555321428,0.555495137,0.556006266,0.554482997,0.555419177,16
1766502947.9272344,2025-12-23 23:15:47,0.481904491,0.481823395,0.481753296,0.480762531,0.481336253,0.481910622,16,0.544171489,0.544364031,0.543920103,0.544386709,0.543308541,0.544176256,16,0.495132611,0.495090979,0.495003223,0.495566431,0.497710498,0.495207161,16,0.530744487,0.530914575,0.530707104,0.530150387,0.529554948,0.530694410,16,0.571628208,0.571581520,0.571597595,0.572505392,0.571586836,0.571708571,16,0.452557076,0.452512234,0.452298426,0.452251600,0.453730471,0.452500813,16,0.492353317,0.492153023,0.492351677,0.491705925,0.492498196,0.492295960,16,0.556260678,0.556471957,0.555990987,0.556562739,0.556455488,0.556285932,16
1766502957.930345,2025-12-23 23:15:57,0.449940064,0.449695690,0.450231359,0.450042999,0.450696181,0.449963221,16,0.547252809,0.547373814,0.547041026,0.548400073,0.546395233,0.547295097,16,0.490576384,0.490300864,0.490275349,0.490374264,0.490836790,0.490450682,16,0.522952813,0.522875252,0.522674048,0.523700146,0.522565554,0.522941400,16,0.568319914,0.568314475,0.568254027,0.569336145,0.568618379,0.568431641,16,0.440406028,0.440627525,0.440749834,0.440450362,0.439836821,0.440448657,16,0.503073688,0.503265878,0.503364223,0.503226912,0.503817679,0.503131211,16,0.563746598,0.563756361,0.563531733,0.564812793,0.563616094,0.563796979,16
1766502967.9343185,2025-12-23 23:16:07,0.480431983,0.480612596,0.480529473,0.479822676,0.481727997,0.480430671,16,0.542600266,0.542742258,0.543330111,0.542610419,0.543351117,0.542693269,16,0.487809745,0.487960562,0.487623589,0.487308816,0.487348263,0.487785926,16,0.512980728,0.512711205,0.513131676,0.513763054,0.510705553,0.512910993,16,0.561791108,0.561970951,0.561954767,0.562011618,0.562095590,0.561803663,16,0.446807599,0.446770117,0.446506808,0.447055844,0.445882287,0.446835102,16,0.517223370,0.517220657,0.517493865,0.516647922,0.515985899,0.517170073,16,0.562168758,0.562455042,0.561957895,0.562261888,0.562305224,0.562218663,16
1766502977.9373617,2025-12-23 23:16:17,0.476549151,0.476407328,0.476636142,0.475490011,0.477096118,0.476531780,16,0.534101346,0.534082485,0.534425875,0.533647739,0.533937302,0.534144721,16,0.487063892,0.486947670,0.487103983,0.486689137,0.487759070,0.486966867,16,0.515985929,0.516071823,0.516404873,0.516004819,0.516164848,0.516046619,16,0.551395520,0.551607028,0.551187449,0.550259151,0.549946288,0.551361362,16,0.455640841,0.455664015,0.455415681,0.455148830,0.455033949,0.455564046,16,0.526011931,0.526106295,0.525993377,0.525661210,0.526579628,0.526116884,16,0.553303888,0.553324511,0.553208939,0.553626083,0.555074123,0.553304836,16
1766502987.941392,2025-12-23 23:16:27,0.475068064,0.474888930,0.475287861,0.474180704,0.473185791,0.475161699,16,0.536868090,0.536960626,0.536747598,0.537641575,0.536948491,0.536811588,16,0.479516988,0.479559483,0.479416661,0.478582370,0.479831647,0.479409136,16,0.504463166,0.504688524,0.504986827,0.503742978,0.504723021,0.504411640,16,0.556344368,0.556576015,0.556662464,0.557081800,0.555925774,0.556368806,16,0.454346916,0.454342376,0.454231617,0.454326051,0.455172243,0.454404470,16,0.526991540,0.526905587,0.527174311,0.527437406,0.526881593,0.526993054,16,0.558486176,0.558179075,0.558044228,0.557885348,0.559779975,0.558369407,16
1766502997.9453542,2025-12-23 23:16:37,0.456966428,0.456964989,0.457284188,0.456940961,0.457296839,0.456937624,16,0.527691508,0.527561706,0.528112336,0.527443124,0.527332941,0.527613923,16,0.472114151,0.472162395,0.472095071,0.471657840,0.471997840,0.472124450,16,0.495148482,0.495161169,0.494921649,0.495524985,0.494082413,0.495133564,16,0.552564547,0.552710500,0.552753750,0.553104049,0.552347432,0.552533212,16,0.444559048,0.444484831,0.444538497,0.444874527,0.444919123,0.444593653,16,0.540014672,0.540092738,0.539855729,0.539931557,0.539477115,0.540010009,16,0.551987167,0.551849821,0.552199290,0.552795685,0.551459281,0.551995618,16
1766503007.9493365,2025-12-23 23:16:47,0.467348999,0.467309543,0.467491568,0.467924161,0.468376226,0.467440671,16,0.534697314,0.534786733,0.534461353,0.535216084,0.535860766,0.534644534,16,0.465044642,0.464982919,0.464637847,0.464678110,0.465004412,0.465121933,16,0.477217529,0.477241859,0.477186878,0.476996573,0.477355582,0.477264516,16,0.546385060,0.546267221,0.546473197,0.546243670,0.546203521,0.546425683,16,0.447625551,0.447714353,0.447899062,0.446975736,0.449270310,0.447641752,16,0.555416032,0.555171258,0.555026141,0.555828514,0.553524808,0.555472018,16,0.547372455,0.547438816,0.547436559,0.547155573,0.547923160,0.547472614,16
1766503017.9524353,2025-12-23 23:16:57,0.457317620,0.457167027,0.457043251,0.457881512,0.456618242,0.457320811,16,0.511096692,0.510920075,0.510940755,0.512164889,0.511689081,0.511084148,16,0.465490653,0.465207541,0.465227187,0.466024795,0.463141493,0.465347450,16,0.467220112,0.466946165,0.467367605,0.468359586,0.468705107,0.467136229,16,0.539385391,0.539406197,0.539529725,0.540385801,0.540143607,0.539302285,16,0.443179868,0.443182527,0.443049785,0.443169820,0.442541314,0.443049608,16,0.554318467,0.554258678,0.554501650,0.553560973,0.554496813,0.554376936,16,0.550990812,0.551030009,0.551073282,0.550654106,0.549292562,0.551111974,16
1766503027.9563806,2025-12-23 23:17:07,0.455015583,0.454745044,0.454927326,0.455419972,0.454870338,0.454900290,16,0.499864492,0.499807780,0.499545503,0.500454678,0.498153420,0.499772885,16,0.459867195,0.459886141,0.460289007,0.459994974,0.458251021,0.459881663,16,0.452134978,0.452114784,0.452338146,0.451662610,0.452658177,0.452136525,16,0.533736946,0.533693840,0.533693310,0.533704155,0.534965404,0.533707918,16,0.458693901,0.458852271,0.458570871,0.458202957,0.458088895,0.458762693,16,0.566179656,0.566055571,0.566303659,0.566295191,0.566439086,0.566160388,16,0.511285186,0.511371471,0.511442758,0.510677074,0.511247350,0.511272557,16
1766503037.960396,2025-12-23 23:17:17,0.448648834,0.448655066,0.448858959,0.448616531,0.446766568,0.448686878,16,0.496237048,0.496237115,0.495979708,0.496090160,0.496980413,0.496259642,16,0.436150683,0.436342734,0.435887723,0.435573777,0.434982058,0.436186069,16,0.480181926,0.480165862,0.480121669,0.480096633,0.480759280,0.480168423,16,0.534312722,0.534491536,0.534462352,0.534128722,0.532037551,0.534349630,16,0.455854297,0.455905796,0.455543942,0.456228513,0.455221262,0.455799872,16,0.576786892,0.576861280,0.577056062,0.576994797,0.575507536,0.576760343,16,0.548200180,0.548127347,0.548460549,0.548815369,0.546502134,0.548201899,16
1766503047.963497,2025-12-23 23:17:27,0.477128950,0.477008272,0.477205535,0.477146660,0.476097494,0.477008929,16,0.488639798,0.488649737,0.488389375,0.488209829,0.487808470,0.488591413,16,0.454993004,0.455437239,0.454796216,0.455531913,0.454895008,0.454986853,16,0.453875338,0.453736852,0.453600489,0.453843113,0.453175514,0.453869040,16,0.531324760,0.531273743,0.531320650,0.531636772,0.529826803,0.531328046,16,0.457338075,0.457083258,0.457308042,0.457297338,0.454770737,0.457277288,16,0.562665945,0.562798157,0.562977643,0.563478967,0.562923558,0.562738322,16,0.542810953,0.542779369,0.543016167,0.543109387,0.541695037,0.542881237,16
1766503057.9674444,2025-12-23 23:17:37,0.447017994,0.447159692,0.446971594,0.447258397,0.445692887,0.447091170,16,0.481937684,0.482168801,0.482235979,0.482970655,0.480999049,0.481978167,16,0.444460777,0.444599152,0.444624451,0.444823158,0.446833957,0.444432197,16,0.443752101,0.443688811,0.443931667,0.443913822,0.442394908,0.443805931,16,0.528575801,0.528700889,0.528272202,0.529264848,0.530560609,0.528648959,16,0.474783500,0.474432597,0.474861973,0.474913485,0.475503525,0.474805139,16,0.571771368,0.571881645,0.571772153,0.571539929,0.570773793,0.571723112,16,0.536249564,0.536427100,0.536544701,0.536244886,0.535240290,0.536257533,16
1766503067.9715552,2025-12-23 23:17:47,0.449127922,0.449271191,0.448956896,0.449279363,0.449026381,0.449156439,16,0.486658392,0.486727359,0.486917030,0.487989785,0.488530970,0.486708377,16,0.422354080,0.422409212,0.422501260,0.421974840,0.422169518,0.422368544,16,0.432558401,0.432440014,0.432097438,0.433131077,0.432656029,0.432536034,16,0.522467979,0.522280086,0.522373613,0.522244199,0.522939732,0.522462600,16,0.451547424,0.451554412,0.451874745,0.452220057,0.452417593,0.451521711,16,0.569472649,0.569582379,0.569547018,0.569973645,0.568335107,0.569588011,16,0.533496749,0.533336127,0.533745645,0.534044928,0.533321431,0.533393460,16
1766503077.974606,2025-12-23 23:17:57,0.431068619,0.431001230,0.431482622,0.431502297,0.431567348,0.431040830,16,0.470982165,0.471056079,0.471266487,0.470176412,0.471148739,0.470984206,16,0.439907954,0.439856833,0.440045056,0.440471540,0.441123821,0.439913115,16,0.452741193,0.452935163,0.452902523,0.453465646,0.453137292,0.452807147,16,0.518382379,0.518376599,0.518137516,0.517776931,0.518733505,0.518358964,16,0.465125075,0.465409140,0.465304349,0.464917793,0.466078563,0.465289857,16,0.560058871,0.560231296,0.560009711,0.560981023,0.560260157,0.560193947,16,0.517829766,0.517824270,0.517597291,0.518241572,0.518101425,0.517793910,16
1766503087.978643,2025-12-23 23:18:07,0.436225492,0.436370248,0.435897025,0.436576429,0.437230985,0.436290373,16,0.464436261,0.464254218,0.464413566,0.464782151,0.465126211,0.464412330,16,0.434675550,0.434804025,0.434462183,0.433951747,0.434641340,0.434741901,16,0.437683990,0.437763048,0.437342521,0.437252939,0.436584847,0.437702577,16,0.521731467,0.521799550,0.521525049,0.522542287,0.522318131,0.521694732,16,0.475774535,0.475769138,0.475756418,0.475592920,0.475546949,0.475881592,16,0.554255737,0.554269509,0.553900995,0.554178489,0.553642206,0.554252247,16,0.520007313,0.519996945,0.520169738,0.519235485,0.519046981,0.520017226,16
1766503097.9826128,2025-12-23 23:18:17,0.435118834,0.435096699,0.435131182,0.435062683,0.435486376,0.435128796,16,0.460866486,0.460801159,0.460613069,0.461160251,0.462846134,0.460886520,16,0.423298587,0.423347264,0.423258766,0.422795353,0.421338040,0.423329876,16,0.448529038,0.448337219,0.448463699,0.448640999,0.447741435,0.448454843,16,0.508857434,0.508920885,0.509402279,0.508736612,0.509360107,0.508963750,16,0.478607732,0.478604111,0.478062683,0.478052494,0.478685503,0.478560217,16,0.561108062,0.560990966,0.560715660,0.561348052,0.561611659,0.561036891,16,0.525794456,0.526000115,0.525759152,0.524837900,0.526088962,0.525813690,16
1766503107.9856648,2025-12-23 23:18:27,0.432668965,0.432949572,0.432591667,0.432728348,0.431294226,0.432728914,16,0.466769390,0.466864617,0.466933687,0.466298342,0.466237719,0.466764157,16,0.434537265,0.434314296,0.434770314,0.434050123,0.435180039,0.434513658,16,0.441358123,0.440977670,0.441162123,0.441341776,0.441301689,0.441276547,16,0.524369098,0.524367506,0.524332681,0.525271899,0.523693900,0.524406839,16,0.485268269,0.485190974,0.485233323,0.484938072,0.486188806,0.485134713,16,0.542089480,0.541861139,0.542009469,0.542238412,0.540768047,0.542096171,16,0.508242392,0.508164777,0.507942189,0.508193611,0.507243835,0.508163527,16
1766503117.9896593,2025-12-23 23:18:37,0.434538872,0.434564226,0.434301378,0.433542208,0.432474887,0.434499294,16,0.456105426,0.456131545,0.455779304,0.456349584,0.456977900,0.456132856,16,0.424028438,0.424255109,0.424027543,0.423935162,0.422991289,0.424109426,16,0.454051427,0.454018640,0.454230217,0.454599348,0.453683854,0.454069626,16,0.517186584,0.517340211,0.517316145,0.517721915,0.517204156,0.517224749,16,0.492409038,0.492294859,0.492300677,0.493701864,0.491008781,0.492402635,16,0.527072184,0.527030273,0.526689135,0.527234635,0.527759984,0.527054417,16,0.512686024,0.512563945,0.512867020,0.512265709,0.512630938,0.512831059,16
1766503127.9937458,2025-12-23 23:18:47,0.434034636,0.434064930,0.434185818,0.434359880,0.433422754,0.434040325,16,0.418835711,0.418877202,0.418917517,0.418645664,0.417246578,0.418866366,16,0.415111127,0.415095705,0.415097583,0.414970637,0.415155044,0.415035432,16,0.458590296,0.458393044,0.458715720,0.459974923,0.461050080,0.458649852,16,0.517273228,0.517300369,0.517153212,0.516928996,0.516124828,0.517186159,16,0.495442772,0.495277091,0.495408616,0.495108497,0.494865638,0.495551639,16,0.522849150,0.522998805,0.522522237,0.522001148,0.522833842,0.522841130,16,0.500490152,0.500542807,0.500233406,0.499818846,0.500338088,0.500377094,16
1766503137.9968379,2025-12-23 23:18:57,0.438773917,0.438695627,0.438891275,0.439531903,0.439695037,0.438727301,16,0.455978456,0.455784647,0.455641797,0.456474150,0.455845718,0.456103752,16,0.407084218,0.406846941,0.406959335,0.407590598,0.407331854,0.406977012,16,0.458034599,0.458070214,0.458059987,0.457185744,0.458096465,0.458072286,16,0.515110645,0.515219821,0.514763521,0.514327277,0.516793618,0.515063382,16,0.501899753,0.502122248,0.502014647,0.502166487,0.501379133,0.501940892,16,0.516176014,0.516088928,0.515646143,0.516462778,0.517181712,0.516178276,16,0.497103416,0.497033388,0.497472809,0.497476052,0.497606052,0.497061470,16
1766503148.000847,2025-12-23 23:19:08,0.439968595,0.440161772,0.440131337,0.440833878,0.439762772,0.439994794,16,0.455876700,0.455797011,0.455859334,0.455953555,0.456139875,0.455862731,16,0.413830470,0.413676032,0.413932424,0.413560478,0.412905996,0.413900732,16,0.470777363,0.470643857,0.470455503,0.470636539,0.470052368,0.470794052,16,0.522179179,0.522103542,0.522253623,0.521225169,0.523454463,0.522223613,16,0.504231435,0.504371940,0.504771666,0.504696750,0.503296730,0.504268875,16,0.492479261,0.492536088,0.492808828,0.492472903,0.490692613,0.492544278,16,0.499890987,0.499817777,0.499600390,0.499969435,0.499461477,0.499921203,16
1766503158.0039825,2025-12-23 23:19:18,0.429819218,0.429836338,0.429516657,0.428795637,0.428614858,0.429737834,16,0.448968947,0.448857469,0.448492886,0.448965982,0.447854419,0.448801844,16,0.403227279,0.403200340,0.403210861,0.403509654,0.403043651,0.403253469,16,0.480915105,0.480899484,0.481152902,0.481137253,0.481172235,0.480818502,16,0.519037346,0.519234480,0.519372438,0.519339666,0.517922065,0.519133463,16,0.510304548,0.510003552,0.510530483,0.510464769,0.510723414,0.510345582,16,0.494187877,0.494159422,0.494210325,0.493713033,0.491948888,0.494167184,16,0.499111593,0.498805503,0.498971482,0.499155511,0.498740408,0.499002758,16
1766503168.007105,2025-12-23 23:19:28,0.444184656,0.444220938,0.443941092,0.445384866,0.444876241,0.444130105,16,0.452475823,0.452456599,0.452739939,0.452412051,0.453960291,0.452393476,16,0.402383105,0.402335025,0.402087724,0.402416689,0.402831851,0.402436559,16,0.490820779,0.490596206,0.490715137,0.490947678,0.490131750,0.490840936,16,0.529840854,0.529832224,0.530016559,0.529704761,0.528984899,0.529885340,16,0.506733111,0.506626550,0.506616634,0.506663500,0.505953802,0.506630318,16,0.485339008,0.485558764,0.485448913,0.486773324,0.485243877,0.485383204,16,0.497061174,0.497158130,0.497235665,0.496934257,0.497073679,0.497076729,16
1766503178.0102994,2025-12-23 23:19:38,0.441295028,0.441408984,0.441539418,0.441727632,0.444236384,0.441410782,16,0.456852105,0.456848393,0.456658161,0.457371616,0.456762446,0.456917313,16,0.417086863,0.416844458,0.417236039,0.416583395,0.417539519,0.417054079,16,0.506617020,0.506499142,0.506782426,0.505348827,0.505777256,0.506690245,16,0.528501900,0.528562119,0.528711210,0.527299360,0.529685428,0.528471852,16,0.507755280,0.507837063,0.507667687,0.508528221,0.508143745,0.507700561,16,0.482307490,0.482349203,0.482135430,0.482024178,0.480914240,0.482252403,16,0.492227728,0.492362254,0.492641058,0.492316483,0.491758218,0.492217251,16
1766503188.0134113,2025-12-23 23:19:48,0.458014899,0.458088273,0.458340674,0.458148918,0.458711514,0.458029228,16,0.461820411,0.461714724,0.461776659,0.462199447,0.461871775,0.461849580,16,0.415848219,0.416096710,0.416024619,0.415555360,0.417241611,0.415799774,16,0.507703778,0.507659064,0.507829601,0.506653076,0.506203945,0.507625391,16,0.541431229,0.541383708,0.540913051,0.541252823,0.541659323,0.541357401,16,0.508711326,0.508744785,0.508876765,0.508540584,0.508292112,0.508673137,16,0.484582045,0.484633959,0.484535834,0.483684085,0.485125105,0.484607436,16,0.511388815,0.511078958,0.511562085,0.511659406,0.511617180,0.511316892,16
1766503198.0174658,2025-12-23 23:19:58,0.445137804,0.444981732,0.445285032,0.444108136,0.445137795,0.445069670,16,0.463637039,0.463551159,0.463733096,0.463656100,0.462689125,0.463747390,16,0.409006467,0.409132574,0.409221180,0.408331497,0.409459624,0.408938390,16,0.513863437,0.514039175,0.513925721,0.514226226,0.513635734,0.513896480,16,0.543041964,0.543151975,0.543475272,0.544214623,0.543486760,0.543117472,16,0.518942823,0.518718666,0.519017990,0.519809039,0.518977567,0.518934026,16,0.462675165,0.462706876,0.462573715,0.463253307,0.462010173,0.462678576,16,0.496428281,0.496284669,0.496603372,0.496292547,0.495902341,0.496308805,16
1766503208.0205991,2025-12-23 23:20:08,0.453200869,0.453028972,0.453075779,0.452094735,0.453378165,0.453159884,16,0.472355116,0.472389762,0.471859727,0.471373683,0.471764659,0.472209510,16,0.420120088,0.419995961,0.420124064,0.420580577,0.420973851,0.420118269,16,0.529806877,0.529996381,0.529868140,0.530571278,0.528919100,0.529796475,16,0.542269115,0.542202265,0.542321564,0.541640666,0.543005091,0.542290587,16,0.515717268,0.515771139,0.515744720,0.515578664,0.515750806,0.515746041,16,0.474985131,0.475215983,0.474944238,0.474299795,0.473992235,0.475036133,16,0.505951478,0.505818355,0.506038263,0.505996524,0.507540979,0.505967793,16
1766503218.0237322,2025-12-23 23:20:18,0.457300158,0.457220098,0.457539201,0.456755760,0.456649758,0.457282627,16,0.477400114,0.477400894,0.477692700,0.478079218,0.476309664,0.477493615,16,0.411970148,0.412111992,0.412352039,0.412362487,0.411455084,0.411972943,16,0.531668159,0.531632984,0.531635026,0.531402617,0.530919102,0.531606418,16,0.548823142,0.548799303,0.548443685,0.548631143,0.546776474,0.548771019,16,0.505742175,0.505693776,0.505964930,0.505673946,0.503779404,0.505782926,16,0.482661769,0.482663909,0.482619072,0.483049274,0.482737683,0.482614598,16,0.493233597,0.493456875,0.493216758,0.493151762,0.494020921,0.493294539,16
1766503228.0279293,2025-12-23 23:20:28,0.458760807,0.458722031,0.459053917,0.459285058,0.457984323,0.458795954,16,0.482455999,0.482284001,0.482672571,0.482112332,0.483966995,0.482594342,16,0.415657764,0.415627343,0.415210642,0.414912505,0.415981117,0.415626329,16,0.534423013,0.534631966,0.534578927,0.533949279,0.536438480,0.534542545,16,0.558621757,0.558573262,0.559076081,0.558945049,0.558579940,0.558630420,16,0.503451787,0.503519659,0.503236466,0.503271927,0.503361047,0.503382858,16,0.477057856,0.476852026,0.477280167,0.476556298,0.477022567,0.476973500,16,0.511202761,0.511141416,0.511153856,0.511830653,0.511132454,0.511195408,16
1766503238.0311084,2025-12-23 23:20:38,0.459498207,0.459585831,0.459580390,0.459030087,0.459187413,0.459587951,16,0.484047632,0.484027631,0.483833763,0.484653861,0.483481962,0.484093447,16,0.423034964,0.423081975,0.423121893,0.424469659,0.420815176,0.423037622,16,0.540121624,0.540213582,0.540152644,0.540166115,0.539492002,0.540158151,16,0.561639847,0.561614627,0.561515796,0.562597578,0.560900373,0.561593415,16,0.514764497,0.514857349,0.514674225,0.514484456,0.516439687,0.514838730,16,0.477355267,0.477478294,0.477330491,0.478530783,0.477703716,0.477452096,16,0.506608180,0.506733663,0.506048284,0.506303146,0.507858539,0.506547751,16
1766503248.0342877,2025-12-23 23:20:48,0.460592971,0.460573357,0.460549887,0.460771939,0.460588276,0.460587738,16,0.498547104,0.498511106,0.498794696,0.499230388,0.497066451,0.498607662,16,0.424277724,0.424440586,0.424121497,0.423609817,0.424076557,0.424155293,16,0.541940183,0.542006100,0.541730123,0.541728063,0.544108214,0.541955894,16,0.561447146,0.561436848,0.561520633,0.560472244,0.561436474,0.561447123,16,0.524484762,0.524461704,0.524466666,0.523993898,0.525749922,0.524512106,16,0.485170584,0.485073300,0.484825557,0.484665217,0.484045585,0.485134479,16,0.511435497,0.511461062,0.511794751,0.511375417,0.511258323,0.511489444,16
1766503258.0383277,2025-12-23 23:20:58,0.471379903,0.471195287,0.471192569,0.471803716,0.470643391,0.471380544,16,0.501800783,0.501663568,0.501456193,0.502165913,0.500318998,0.501720922,16,0.427306418,0.427268502,0.427194204,0.426948167,0.426553234,0.427267272,16,0.536465427,0.536326668,0.536771731,0.536357679,0.537544805,0.536433390,16,0.569114811,0.569188604,0.568534012,0.568850501,0.569740623,0.569068674,16,0.508259003,0.508264032,0.508669717,0.508619797,0.509399674,0.508299982,16,0.489479464,0.489478941,0.489924386,0.489064563,0.489057778,0.489493667,16,0.521545827,0.521736451,0.522175298,0.521268967,0.521425103,0.521646927,16
1766503268.0413926,2025-12-23 23:21:08,0.453419246,0.453507806,0.453931195,0.453789030,0.453699667,0.453439964,16,0.538576429,0.538477513,0.538487709,0.537585262,0.539092052,0.538513568,16,0.436522988,0.436652345,0.436483139,0.435972980,0.437951809,0.436527511,16,0.540858045,0.540909156,0.540855252,0.540346659,0.541096601,0.540910979,16,0.574607164,0.574752411,0.574666469,0.575321895,0.575222803,0.574653850,16,0.506088456,0.506146096,0.505827078,0.505591093,0.507522592,0.506115845,16,0.493926443,0.493791098,0.493736856,0.493961647,0.493193259,0.493888980,16,0.522737363,0.522521957,0.522971782,0.522320606,0.522595977,0.522750048,16
1766503278.0453591,2025-12-23 23:21:18,0.483725602,0.483543393,0.483391163,0.484088538,0.485995267,0.483637461,16,0.517176199,0.516892972,0.517215124,0.517240064,0.516110528,0.517186148,16,0.444872866,0.444980649,0.445015711,0.445030241,0.444479693,0.444774814,16,0.538260542,0.538207101,0.537657507,0.538469094,0.537856989,0.538188895,16,0.569243554,0.569185425,0.569321746,0.568539253,0.569738219,0.569209771,16,0.498599180,0.498401451,0.498835682,0.498257278,0.497874090,0.498560304,16,0.522327495,0.522529615,0.522540358,0.521744852,0.522174370,0.522303202,16,0.535967389,0.535855825,0.535956724,0.536474288,0.535103473,0.535968071,16
1766503288.0484867,2025-12-23 23:21:28,0.492985551,0.493195835,0.493152924,0.492800120,0.491045196,0.493030089,16,0.517885734,0.517864760,0.517620003,0.518658482,0.517006290,0.517930406,16,0.444961609,0.444871958,0.444841880,0.445288177,0.445526108,0.445093424,16,0.527523538,0.527398399,0.527495073,0.527347293,0.526633578,0.527457264,16,0.574433866,0.574213532,0.574346918,0.574269701,0.576268222,0.574360359,16,0.496814332,0.496960817,0.496631949,0.497091617,0.497410461,0.496832951,16,0.520633528,0.520535254,0.521022192,0.520781261,0.522545200,0.520522858,16,0.534616693,0.534492193,0.534636414,0.534916555,0.535444756,0.534613175,16
1766503298.0525131,2025-12-23 23:21:38,0.474686828,0.474759811,0.474956083,0.474668201,0.475205984,0.474756380,16,0.529010278,0.528817141,0.528711268,0.528798986,0.530244459,0.528953348,16,0.449982601,0.449757017,0.450325214,0.449905572,0.449718017,0.450013172,16,0.518731148,0.518791501,0.518742341,0.518965459,0.518663234,0.518814997,16,0.585616168,0.585320408,0.585704665,0.585326548,0.584791293,0.585568397,16,0.500960142,0.501027768,0.501150449,0.500808386,0.500867763,0.500962928,16,0.528297824,0.528272269,0.528728560,0.528483648,0.527264743,0.528281549,16,0.534036901,0.533825664,0.533916857,0.534113571,0.535303273,0.534041376,16
1766503308.0556555,2025-12-23 23:21:48,0.493363347,0.493416879,0.493494296,0.493737831,0.492499468,0.493355385,16,0.529106632,0.529093674,0.528819677,0.528721357,0.530026479,0.529054049,16,0.453053694,0.453066900,0.453315809,0.453158333,0.452292187,0.452984990,16,0.496125870,0.495981322,0.496376919,0.496043711,0.496203693,0.496036152,16,0.576500810,0.576704703,0.576859615,0.576445301,0.575812390,0.576586353,16,0.499404071,0.499384729,0.499916477,0.499161966,0.500235531,0.499329109,16,0.574109868,0.574138870,0.574643057,0.573914626,0.575149901,0.574209991,16,0.528984928,0.529020320,0.529063382,0.529394542,0.528767832,0.529025215,16
1766503318.0591903,2025-12-23 23:21:58,0.492741564,0.492622824,0.493015430,0.492866759,0.493524054,0.492706980,16,0.537969286,0.538101704,0.538097289,0.537991759,0.539218623,0.538019069,16,0.478210217,0.478555498,0.478278268,0.478520848,0.479193115,0.478375077,16,0.507343197,0.507345520,0.507296119,0.507418103,0.506629462,0.507355922,16,0.573767854,0.573666248,0.573384562,0.573809809,0.572241193,0.573865877,16,0.495261787,0.495392806,0.495334320,0.494571323,0.495819693,0.495258450,16,0.533494204,0.533377817,0.533321035,0.534223961,0.535266138,0.533537914,16,0.542684237,0.542681689,0.543140469,0.542547845,0.542718571,0.542717162,16
1766503328.0632565,2025-12-23 23:22:08,0.489931005,0.489589855,0.489926023,0.489770469,0.490240367,0.489915939,16,0.533135282,0.533025547,0.532902456,0.533213405,0.533942553,0.533124044,16,0.471406244,0.471267489,0.471305124,0.471505522,0.472455348,0.471416934,16,0.495331120,0.495239756,0.495409403,0.495861133,0.496068419,0.495239703,16,0.579869053,0.579616557,0.579960643,0.580077472,0.579713403,0.579756069,16,0.482008478,0.482375391,0.482029259,0.482112154,0.481529144,0.482136552,16,0.544712520,0.544571923,0.545072426,0.544422706,0.545197152,0.544581349,16,0.545478155,0.545326001,0.545689295,0.545007228,0.545837479,0.545470221,16
1766503338.0671873,2025-12-23 23:22:18,0.490557448,0.490382185,0.490422726,0.490184812,0.489522631,0.490490155,16,0.550560537,0.550450653,0.550659692,0.549345103,0.551560669,0.550519652,16,0.475831225,0.475850784,0.475585939,0.476385051,0.475479064,0.475895429,16,0.489978874,0.490093650,0.489821069,0.489214307,0.489500150,0.490094659,16,0.574138605,0.574209568,0.574235718,0.573705228,0.573962350,0.574160637,16,0.487868647,0.487768445,0.488014296,0.487727897,0.488323540,0.487867693,16,0.566858162,0.566936692,0.567057388,0.567186529,0.566675806,0.566946904,16,0.548150487,0.547905182,0.547935606,0.547939218,0.548891239,0.547979789,16
1766503348.0711582,2025-12-23 23:22:28,0.499419367,0.499581850,0.499860795,0.499721415,0.500828636,0.499357461,16,0.541064686,0.541190563,0.540862467,0.541279069,0.540659867,0.541081596,16,0.477783077,0.477649665,0.477609443,0.478010891,0.479154884,0.477815450,16,0.483698053,0.483840768,0.483966220,0.483322260,0.484959910,0.483755271,16,0.585158982,0.585321128,0.585439772,0.584962231,0.584818067,0.585146385,16,0.482244705,0.482252443,0.482578337,0.483011437,0.480776575,0.482184416,16,0.559517951,0.559366965,0.559999609,0.558935521,0.556937392,0.559529719,16,0.555853258,0.556131729,0.556199957,0.555445878,0.554417595,0.555969915,16
1766503358.074296,2025-12-23 23:22:38,0.501241233,0.501231938,0.500960224,0.501360140,0.501621753,0.501166150,16,0.538081568,0.538150051,0.538291837,0.537817607,0.538673806,0.538057028,16,0.484987344,0.485150328,0.485267278,0.484349437,0.483932448,0.485003662,16,0.471948385,0.471959170,0.472252065,0.472694477,0.471617158,0.471981969,16,0.576505397,0.576381707,0.576337183,0.575981344,0.575733056,0.576351443,16,0.473667951,0.473707077,0.473810210,0.474034720,0.474251062,0.473665526,16,0.575194341,0.575395354,0.574916163,0.574760336,0.575946496,0.575085299,16,0.556459439,0.556626257,0.556697946,0.557167421,0.556152578,0.556438113,16
1766503368.0774105,2025-12-23 23:22:48,0.500855244,0.500726851,0.500644712,0.501527151,0.498464897,0.500907248,16,0.548585982,0.548319843,0.548252982,0.548669485,0.548448690,0.548549294,16,0.480033618,0.480067308,0.480137732,0.479855483,0.480694347,0.480015675,16,0.470580493,0.470260232,0.471157314,0.471118059,0.471275230,0.470581706,16,0.577958928,0.578193656,0.578407848,0.577856257,0.577675499,0.578026465,16,0.473488205,0.473473786,0.473402168,0.473728802,0.471287373,0.473409442,16,0.568024241,0.567753707,0.567653781,0.566930503,0.567535468,0.567909734,16,0.557740002,0.557775620,0.557839657,0.557864515,0.557101352,0.557836676,16
1766503378.0813954,2025-12-23 23:22:58,0.445681662,0.445549690,0.445999107,0.446004442,0.444275611,0.445728723,16,0.541475879,0.541335365,0.541340252,0.541332213,0.541597958,0.541491011,16,0.488834524,0.489085311,0.488613059,0.488832996,0.489807715,0.488897296,16,0.445214472,0.445419749,0.445005165,0.444975275,0.445599293,0.445251922,16,0.574540779,0.574609648,0.574831371,0.574447871,0.574380508,0.574581557,16,0.458143958,0.458399088,0.458043178,0.457823659,0.457973138,0.458232175,16,0.566000115,0.565894420,0.565890057,0.565863932,0.565335569,0.565986302,16,0.563352835,0.563440526,0.562975864,0.564274683,0.564115849,0.563325024,16
1766503388.0854764,2025-12-23 23:23:08,0.493775433,0.493482709,0.493759840,0.493486542,0.493366434,0.493703397,16,0.543171966,0.543255746,0.543108440,0.542510176,0.543591307,0.543082757,16,0.481505407,0.481644604,0.481875567,0.482190626,0.482150968,0.481543734,16,0.453796608,0.453739981,0.453674621,0.453968752,0.452575645,0.453680887,16,0.557428741,0.557335819,0.557407141,0.557237055,0.556920574,0.557429967,16,0.469950402,0.470032483,0.470077167,0.470149170,0.469215593,0.469902096,16,0.568939977,0.568940827,0.568903987,0.569860100,0.568457013,0.569047489,16,0.557648939,0.557527193,0.557645759,0.558376668,0.556534767,0.557608018,16
1766503398.089476,2025-12-23 23:23:18,0.500890315,0.500901170,0.500816813,0.501523663,0.500573483,0.500998218,16,0.540880853,0.541019396,0.541221196,0.541179356,0.540979745,0.540955702,16,0.494962612,0.495108618,0.495003717,0.494569846,0.495563892,0.495012349,16,0.451506479,0.451472385,0.451511429,0.450647742,0.451649003,0.451410744,16,0.574171742,0.574193005,0.574211910,0.573991817,0.573449534,0.574213081,16,0.452779835,0.452781164,0.452678876,0.453003173,0.451357507,0.452787415,16,0.553099106,0.553102680,0.552930353,0.553014826,0.552235181,0.553068843,16,0.569984128,0.569972847,0.570477182,0.568673392,0.570183569,0.570035926,16
1766503408.093517,2025-12-23 23:23:28,0.500901098,0.500928148,0.500610979,0.501294858,0.500687589,0.500939738,16,0.531310600,0.531236826,0.531303711,0.530754544,0.530088257,0.531139412,16,0.496307776,0.496121328,0.495693843,0.495688458,0.496236339,0.496277728,16,0.433738091,0.433563256,0.433991509,0.433670669,0.433013003,0.433749694,16,0.561612568,0.561651073,0.562006842,0.562383719,0.562384414,0.561641707,16,0.457864558,0.457865093,0.457704844,0.456444657,0.458989816,0.457965300,16,0.554391804,0.554143289,0.554475044,0.554173912,0.554765336,0.554409893,16,0.564197179,0.564219363,0.564005879,0.563229146,0.563862192,0.564104015,16
1766503418.0974364,2025-12-23 23:23:38,0.498310968,0.498303387,0.498365094,0.498521063,0.498019327,0.498328495,16,0.529584423,0.529718075,0.529411875,0.529936408,0.529719754,0.529549923,16,0.493815930,0.493809204,0.494103624,0.494826914,0.494524147,0.493767964,16,0.430884142,0.430739390,0.431427362,0.431643122,0.431177731,0.430902408,16,0.562053671,0.561938991,0.562051106,0.561553133,0.563010279,0.562074045,16,0.449321468,0.449237561,0.449101930,0.450309913,0.447810554,0.449356276,16,0.556357647,0.556467606,0.556166136,0.555585855,0.557080893,0.556365586,16,0.557992710,0.557971713,0.557736860,0.557853411,0.558646248,0.558001037,16
1766503428.1005614,2025-12-23 23:23:48,0.501114098,0.501110189,0.501086718,0.500419097,0.501949636,0.501187549,16,0.523223009,0.523316605,0.523085053,0.522207668,0.520760711,0.523186781,16,0.495520749,0.495607342,0.495428285,0.494848375,0.498615602,0.495617806,16,0.439907774,0.439942691,0.440017357,0.439745807,0.439025091,0.439810245,16,0.561126505,0.561154866,0.561312870,0.561085087,0.559967892,0.561098721,16,0.449948410,0.450030116,0.449586344,0.449349854,0.451179197,0.449874440,16,0.541933606,0.542034489,0.541599240,0.541112752,0.540134653,0.541937559,16,0.565991681,0.565903814,0.566358828,0.566340576,0.564694072,0.566016275,16
1766503438.1045122,2025-12-23 23:23:58,0.493961939,0.493932634,0.493635223,0.494770215,0.494337305,0.493818231,16,0.516789499,0.516832786,0.517093708,0.516931235,0.516182424,0.516854276,16,0.491523646,0.491492968,0.491639422,0.491554814,0.490146613,0.491419840,16,0.448919810,0.448811383,0.448869251,0.448002273,0.449077281,0.448848394,16,0.516031910,0.515925732,0.515430756,0.516602909,0.517397048,0.516045980,16,0.457617332,0.457529343,0.457530172,0.457120200,0.457698425,0.457551296,16,0.525831569,0.525685245,0.525628249,0.525822834,0.525225439,0.525772133,16,0.557635656,0.557538082,0.557550270,0.557970686,0.557027443,0.557510672,16
1766503448.1077023,2025-12-23 23:24:08,0.502500132,0.502459047,0.502513058,0.503357617,0.503524300,0.502425972,16,0.512208705,0.512276567,0.512098796,0.512959907,0.511741137,0.512186907,16,0.486182388,0.486484449,0.486208236,0.486819342,0.486842228,0.486359494,16,0.448044482,0.447987017,0.448527398,0.448954163,0.446729977,0.448112676,16,0.553992023,0.554162742,0.553895669,0.553957852,0.555455134,0.554025583,16,0.450692924,0.450713533,0.450826028,0.451028657,0.450091174,0.450642481,16,0.514904338,0.514972015,0.514802581,0.515538067,0.515903084,0.514933178,16,0.554351201,0.554439929,0.554208480,0.554337692,0.555129594,0.554327324,16
1766503458.1108203,2025-12-23 23:24:18,0.491994052,0.492049060,0.491932369,0.491515303,0.492650389,0.491987460,16,0.503248294,0.503347717,0.503325701,0.502359870,0.502428431,0.503246633,16,0.483280145,0.483136615,0.483064463,0.482487721,0.481817036,0.483111675,16,0.451219072,0.451145525,0.450596103,0.451170783,0.450887870,0.451149581,16,0.538978424,0.538943619,0.539100910,0.538983456,0.539705928,0.539010373,16,0.445717283,0.445603170,0.445570028,0.444699439,0.446060427,0.445734426,16,0.509596456,0.509687008,0.509538402,0.509731188,0.509342832,0.509656641,16,0.533181155,0.533362176,0.533110368,0.532763998,0.532431200,0.533242043,16
1766503468.114776,2025-12-23 23:24:28,0.490641634,0.490569679,0.490668006,0.490172777,0.491988973,0.490574020,16,0.498837670,0.498943891,0.499042492,0.498101987,0.500271763,0.498794453,16,0.478692302,0.478720110,0.478854276,0.478953358,0.480315505,0.478672414,16,0.463767420,0.463563659,0.463343003,0.462758688,0.462586573,0.463642974,16,0.544681988,0.544424240,0.544565202,0.544202048,0.545740842,0.544622368,16,0.445060106,0.445200473,0.445149527,0.445164633,0.445260238,0.445043107,16,0.502755232,0.502778095,0.502539718,0.502622484,0.503954724,0.502762461,16,0.542927910,0.542777587,0.543039437,0.543540130,0.541209038,0.542876892,16
1766503478.118735,2025-12-23 23:24:38,0.488760704,0.488583894,0.488692733,0.488952056,0.487157645,0.488668739,16,0.497969235,0.497996119,0.498018901,0.498554928,0.496885046,0.497926002,16,0.480550614,0.480357810,0.480584153,0.479881004,0.481099817,0.480428687,16,0.465099829,0.465168687,0.465108371,0.465503186,0.465727755,0.465099456,16,0.552178829,0.552134447,0.552161492,0.551885673,0.549781109,0.552060087,16,0.443864928,0.443841156,0.443822118,0.443154253,0.444540522,0.443917461,16,0.492973729,0.493078411,0.492707535,0.493529558,0.493076269,0.492942408,16,0.537861265,0.537998352,0.537969293,0.537735853,0.538515995,0.537843315,16
1766503488.1227572,2025-12-23 23:24:48,0.488533370,0.488226182,0.488447347,0.488307081,0.487348462,0.488403809,16,0.476404337,0.476469501,0.476493542,0.476134499,0.476281426,0.476431064,16,0.479345003,0.479394233,0.478726275,0.478613151,0.480531557,0.479394798,16,0.468680450,0.468739418,0.468521470,0.469400277,0.467703621,0.468765006,16,0.527618118,0.527701152,0.527438014,0.528587272,0.527460788,0.527647936,16,0.446690037,0.446786653,0.446817573,0.447696056,0.446500164,0.446747974,16,0.488606172,0.488471469,0.488447391,0.488984472,0.489264831,0.488530533,16,0.539377540,0.539550133,0.539255192,0.539669224,0.540355491,0.539349024,16
1766503498.1267126,2025-12-23 23:24:58,0.480122611,0.479954332,0.480330198,0.479688361,0.480979900,0.480133544,16,0.478064922,0.477973270,0.477902338,0.478027968,0.478989696,0.477959386,16,0.481132008,0.481300931,0.480992186,0.481396409,0.481302523,0.481159079,16,0.492285139,0.492211703,0.492043245,0.491877097,0.492892912,0.492249450,16,0.531000276,0.530891536,0.531248946,0.531170491,0.531112247,0.530990310,16,0.443704917,0.443675186,0.443667181,0.443369679,0.442669566,0.443749701,16,0.471217463,0.471345828,0.471396176,0.470502263,0.471810515,0.471295470,16,0.533908515,0.534026791,0.533962980,0.534328721,0.534225166,0.534047345,16
1766503508.1298146,2025-12-23 23:25:08,0.472491930,0.472388195,0.472237678,0.472266336,0.475263188,0.472458443,16,0.467142017,0.467153275,0.466874713,0.466908154,0.465244732,0.467113083,16,0.467854925,0.468069586,0.467735528,0.467602691,0.468970522,0.467809599,16,0.491869523,0.491948169,0.492020542,0.491786889,0.492267605,0.491954615,16,0.529243170,0.529344426,0.529751590,0.529410146,0.531106238,0.529276164,16,0.443800602,0.443945430,0.443608157,0.444351590,0.445101379,0.443839594,16,0.475785293,0.475622190,0.475677671,0.476038873,0.475289659,0.475832251,16,0.519780816,0.519903164,0.519448139,0.519480676,0.520508552,0.519794125,16
1766503518.1338692,2025-12-23 23:25:18,0.475504472,0.475472713,0.475975993,0.474591308,0.475075014,0.475410101,16,0.468960653,0.469005097,0.468925779,0.470088247,0.468741943,0.469039013,16,0.447982761,0.447852747,0.447854657,0.447937558,0.447925701,0.448049212,16,0.496317078,0.496252494,0.496323354,0.496495960,0.496142607,0.496246029,16,0.521836167,0.522014466,0.522092546,0.521808745,0.521189169,0.521772108,16,0.443677199,0.443689959,0.444063974,0.443915786,0.444802861,0.443640780,16,0.473921271,0.473945082,0.473974419,0.473345262,0.474440074,0.473802106,16,0.525676796,0.525541688,0.525319197,0.525351843,0.525108471,0.525666848,16
1766503528.1378767,2025-12-23 23:25:28,0.465829777,0.465806752,0.465916697,0.466035961,0.464965485,0.465897618,16,0.463398851,0.463043791,0.462934713,0.462843716,0.463442591,0.463346636,16,0.445611526,0.445801152,0.445777482,0.445872163,0.444515760,0.445672244,16,0.515386472,0.515444666,0.515440149,0.514435492,0.516405072,0.515315755,16,0.516775771,0.516741990,0.517052279,0.516772402,0.516734124,0.516792277,16,0.456557740,0.456796286,0.456237381,0.456485788,0.454490015,0.456603248,16,0.464094842,0.463862112,0.463692645,0.464401287,0.463587899,0.464078119,16,0.514098302,0.513926684,0.514174701,0.514439546,0.513718229,0.514064032,16
1766503538.1418862,2025-12-23 23:25:38,0.468597673,0.468728378,0.468284467,0.469168717,0.469333670,0.468465207,16,0.458169488,0.458163049,0.458391168,0.456745682,0.458005088,0.458133909,16,0.456246814,0.456340057,0.456095215,0.455754319,0.454256440,0.456239300,16,0.517547580,0.517324104,0.517516452,0.517465856,0.515481692,0.517489280,16,0.517674217,0.517740736,0.517638223,0.516907401,0.516488731,0.517681875,16,0.463941373,0.464161246,0.463982536,0.464355287,0.464014346,0.463908433,16,0.473874119,0.473780552,0.474275364,0.474055820,0.473380693,0.473795295,16,0.512700941,0.512685348,0.512719652,0.512107805,0.513932423,0.512682451,16
1766503548.1449623,2025-12-23 23:25:48,0.456387444,0.456539128,0.456526696,0.455589476,0.455925203,0.456482159,16,0.455515184,0.455239705,0.455636998,0.455199724,0.454444735,0.455467700,16,0.440946743,0.440957240,0.441232600,0.440244304,0.441342455,0.441051497,16,0.518933404,0.518956476,0.518377222,0.518403894,0.517880002,0.518942648,16,0.518615415,0.518926427,0.519521854,0.518986759,0.519079587,0.518704006,16,0.464312274,0.464406909,0.464527611,0.464293681,0.465118052,0.464379648,16,0.475891187,0.476053691,0.476230864,0.476689351,0.476635011,0.475939943,16,0.499296459,0.499446443,0.499489101,0.498656532,0.500313013,0.499353908,16
1766503558.1481018,2025-12-23 23:25:58,0.454398795,0.454323077,0.454725188,0.454328557,0.454116123,0.454386693,16,0.464857280,0.464868042,0.465212371,0.465358844,0.464874714,0.464943208,16,0.437460938,0.437514384,0.437672935,0.437311224,0.438605821,0.437421696,16,0.529332653,0.529518807,0.529224471,0.529693943,0.529689949,0.529380823,16,0.520775600,0.520525621,0.520732228,0.519674043,0.520962863,0.520615073,16,0.463837559,0.463972743,0.463900951,0.463206714,0.463760279,0.464001846,16,0.480009483,0.480054139,0.479861275,0.479570245,0.481350540,0.479978576,16,0.501045716,0.501135542,0.501174388,0.501483524,0.501786168,0.501088726,16
1766503568.1512527,2025-12-23 23:26:08,0.448348179,0.448437852,0.448497069,0.448614440,0.449549730,0.448355582,16,0.451280966,0.451540612,0.451896686,0.450681754,0.450769038,0.451454913,16,0.469182559,0.469066379,0.469448400,0.468794643,0.469646517,0.469161592,16,0.545929116,0.545725844,0.545878837,0.545360843,0.546900316,0.545839139,16,0.511684728,0.511638309,0.511957984,0.512672719,0.512226788,0.511699993,16,0.479659970,0.479591819,0.479746780,0.480108371,0.479848114,0.479758755,16,0.485316370,0.485317214,0.485514009,0.485813178,0.484824796,0.485444794,16,0.489010835,0.489098366,0.488492359,0.489106693,0.491083651,0.488952260,16
1766503578.1544673,2025-12-23 23:26:18,0.453510048,0.453375744,0.453907615,0.454338403,0.453061173,0.453437086,16,0.458178539,0.458160967,0.458045457,0.458327339,0.456909115,0.458191898,16,0.394305114,0.394317369,0.394410819,0.394508140,0.394958991,0.394324131,16,0.536141157,0.536005957,0.536001098,0.535153071,0.537265874,0.536088879,16,0.517656418,0.517590376,0.517833795,0.517398120,0.515634323,0.517646550,16,0.468428305,0.468641226,0.468911264,0.468493005,0.468292249,0.468569045,16,0.487814570,0.487685795,0.487874758,0.487856496,0.487222707,0.487785140,16,0.485628032,0.485455495,0.485406951,0.484986169,0.485776285,0.485595135,16
1766503588.1585557,2025-12-23 23:26:28,0.451682871,0.451889736,0.451403658,0.451820062,0.451616509,0.451669737,16,0.458809390,0.458763157,0.458621217,0.458500730,0.459367004,0.458764716,16,0.427169204,0.427049409,0.427346054,0.427520623,0.427500169,0.427089374,16,0.543485529,0.543612381,0.543845588,0.543055246,0.544161613,0.543388202,16,0.519023549,0.518953675,0.518526638,0.518545724,0.517970199,0.518970422,16,0.479664985,0.479773376,0.479951223,0.479264891,0.480139572,0.479695789,16,0.502840489,0.502626623,0.503092619,0.503101639,0.503089804,0.502801510,16,0.498563472,0.498516131,0.498269450,0.499057353,0.497975304,0.498588936,16
1766503598.1615963,2025-12-23 23:26:38,0.442334255,0.442222485,0.442355243,0.441459390,0.442521227,0.442242498,16,0.459858554,0.460044392,0.459469423,0.460382049,0.460625875,0.459899393,16,0.445834060,0.445718512,0.445819799,0.445373628,0.445441170,0.445906800,16,0.550074858,0.550098308,0.550376541,0.550150545,0.548220690,0.550155494,16,0.526202048,0.526192113,0.525990032,0.525516644,0.526839381,0.526126896,16,0.485654654,0.485723835,0.485963729,0.486230770,0.488216787,0.485689800,16,0.509811123,0.509734896,0.510163426,0.509340395,0.510815289,0.509706768,16,0.502189895,0.502163778,0.502034379,0.501511316,0.503563505,0.502117752,16
1766503608.1647372,2025-12-23 23:26:48,0.446109680,0.446454714,0.446055619,0.446877482,0.445055284,0.446241820,16,0.459179287,0.459396966,0.459277487,0.458810583,0.459301495,0.459231476,16,0.416565829,0.416395007,0.416456408,0.417172686,0.416458452,0.416571320,16,0.538609295,0.538750075,0.538995628,0.538721555,0.539669539,0.538635385,16,0.528927292,0.528892277,0.528947671,0.528925303,0.527530053,0.528879675,16,0.481729431,0.481701404,0.481885565,0.480894010,0.482656286,0.481703415,16,0.518433086,0.518569638,0.518456952,0.518838394,0.518824958,0.518488532,16,0.489867835,0.489818795,0.489644405,0.489642009,0.489291532,0.489861557,16
1766503618.1689413,2025-12-23 23:26:58,0.439181251,0.438962204,0.439257828,0.439174509,0.439090630,0.439052386,16,0.472147142,0.472148569,0.471817770,0.472880211,0.472940812,0.472260422,16,0.423400773,0.423362996,0.423305263,0.423354973,0.424690942,0.423429775,16,0.526837336,0.526851499,0.527414361,0.526547360,0.525718788,0.526885838,16,0.542691405,0.543046216,0.543018857,0.542392949,0.543414510,0.542809281,16,0.493378068,0.493370389,0.493498614,0.493120843,0.493776884,0.493455189,16,0.528260409,0.528317293,0.528529579,0.528519320,0.528809782,0.528347409,16,0.498707590,0.498717557,0.498466027,0.498656447,0.500499597,0.498772632,16
1766503628.1729424,2025-12-23 23:27:08,0.434986324,0.435101393,0.434769637,0.435366417,0.433800777,0.434884732,16,0.474656649,0.474709763,0.474845925,0.474571370,0.475287634,0.474629082,16,0.405335167,0.405576280,0.405489884,0.404811566,0.404262540,0.405443474,16,0.528117276,0.528413348,0.527914883,0.528503202,0.528539177,0.528215570,16,0.530954350,0.530898412,0.530756136,0.530414557,0.531447491,0.530924128,16,0.495194159,0.495353029,0.495029592,0.494716822,0.495370159,0.495195052,16,0.536991357,0.536871281,0.536859103,0.536681645,0.538505963,0.536989850,16,0.504277550,0.504036909,0.504269705,0.504727030,0.505309077,0.504242930,16
1766503638.1760683,2025-12-23 23:27:18,0.437459159,0.437390095,0.437484795,0.437257260,0.436660554,0.437504162,16,0.480942142,0.480987178,0.480953885,0.481235909,0.481155729,0.480996620,16,0.404592895,0.404852529,0.405290445,0.406449439,0.405070496,0.404781326,16,0.526922830,0.526980915,0.526650881,0.527178581,0.527650235,0.526941357,16,0.537434389,0.537329058,0.537016662,0.536683271,0.538195166,0.537397560,16,0.503320678,0.503471417,0.503127338,0.502539085,0.500958541,0.503492166,16,0.544239919,0.543993271,0.544218650,0.544499373,0.544765401,0.544168835,16,0.494360857,0.494532446,0.494038150,0.494044335,0.494659822,0.494303393,16
